text_idx,token,nltk_tag,broad_pos,fine_pos,functional_group,vader_score,shap_abs,shap_raw
0,it ',NN,noun,noun — singular,noun,0.0,0.007064,0.007064
0,s,NN,noun,noun — singular,noun,0.0,0.007044,0.007044
0,a,DT,stopword,determiner,function_word,0.0,0.007063,0.007063
0,charming,NN,noun,noun — singular,noun,0.5859,0.007128,0.007128
0,and,CC,stopword,coordinating conj,function_word,0.0,0.007061,0.007061
0,often,RB,adverb,adverb — base,adverb,0.0,0.007041,0.007041
0,affecting,VBG,verb,verb — gerund/present part,verb,0.0,0.007022,0.007022
0,journey,NN,noun,noun — singular,noun,0.0,0.007011,0.007011
1,unflinchingly,RB,adverb,adverb — base,adverb,0.0,0.103447,-0.103447
1,bleak,JJ,adjective,adj — base form,adj_neutral,0.0,0.344146,-0.344146
1,and,CC,stopword,coordinating conj,function_word,0.0,0.227099,-0.227099
1,desperate,JJ,adjective,adj — base form,adj_negative,-0.3182,0.254298,-0.254298
2,allows,NNS,noun,noun — plural,noun,0.0,0.002915,0.002915
2,us,PRP,stopword,pronoun — personal,function_word,0.0,0.003096,0.003096
2,to,TO,stopword,infinitive marker,function_word,0.0,0.002935,0.002935
2,hope,VB,verb,verb — base form,verb,0.4404,0.002925,0.002925
2,that,DT,stopword,determiner,function_word,0.0,0.002879,0.002879
2,nolan,NN,noun,noun — singular,noun,0.0,0.002944,0.002944
2,is,VBZ,verb,verb — 3rd person present,verb,0.0,0.002962,0.002962
2,poised,VBN,verb,verb — past participle,verb,0.25,0.003022,0.003022
2,to,TO,stopword,infinitive marker,function_word,0.0,0.002942,0.002942
2,embark,VB,verb,verb — base form,verb,0.0,0.00298,0.00298
2,a,DT,stopword,determiner,function_word,0.0,0.002902,0.002902
2,major,JJ,adjective,adj — base form,adj_neutral,0.0,0.002939,0.002939
2,career,NN,noun,noun — singular,noun,0.0,0.002825,0.002825
2,as,IN,stopword,preposition/subord. conj,function_word,0.0,0.002778,0.002778
2,a,DT,stopword,determiner,function_word,0.0,0.002818,0.002818
2,commercial,JJ,adjective,adj — base form,adj_neutral,0.0,0.002758,0.002758
2,yet,RB,adverb,adverb — base,adverb,0.0,0.002668,0.002668
2,inventive,JJ,adjective,adj — base form,adj_neutral,0.0,0.003888,0.003888
2,filmmaker,NN,noun,noun — singular,noun,0.0,0.003129,0.003129
3,the,DT,stopword,determiner,function_word,0.0,0.006272,0.006272
3,"acting ,",NN,noun,noun — singular,noun,0.0,0.005249,0.005249
3,"costumes ,",NN,noun,noun — singular,noun,0.0,0.006154,0.006154
3,"music ,",NN,noun,noun — singular,noun,0.0,0.010745,0.010745
3,cinematography,NN,noun,noun — singular,noun,0.0,0.006368,0.006368
3,and,CC,stopword,coordinating conj,function_word,0.0,0.076342,-0.076342
3,sound,NN,noun,noun — singular,noun,0.0,0.080873,-0.080873
3,are,VBP,verb,verb — non-3rd present,verb,0.0,0.073811,-0.073811
3,all,DT,stopword,determiner,function_word,0.0,0.061862,-0.061862
3,astounding,VBG,verb,verb — gerund/present part,verb,0.4215,0.802785,0.802785
3,given,VBN,verb,verb — past participle,verb,0.0,0.122651,-0.122651
3,the,DT,stopword,determiner,function_word,0.0,0.038999,-0.038999
3,production ',NN,noun,noun — singular,noun,0.0,0.082621,-0.082621
3,s,NN,noun,noun — singular,noun,0.0,0.082479,-0.082479
3,austere,JJ,adjective,adj — base form,adj_neutral,0.0,0.086479,-0.086479
3,locales,NNS,noun,noun — plural,noun,0.0,0.078418,-0.078418
4,it ',NN,noun,noun — singular,noun,0.0,0.156542,-0.156542
4,s,NN,noun,noun — singular,noun,0.0,0.156797,-0.156797
4,slow --,NN,noun,noun — singular,noun,0.0,0.156656,-0.156656
4,"very ,",NN,noun,noun — singular,noun,0.0,0.1568,-0.1568
4,very,RB,adverb,adverb — base,intensifier,0.0,0.15678,-0.15678
4,slow,JJ,adjective,adj — base form,adj_neutral,0.0,0.158076,-0.158076
5,although,IN,stopword,preposition/subord. conj,function_word,0.0,0.002698,0.002698
5,laced,VBN,verb,verb — past participle,verb,0.0,0.002761,0.002761
5,with,IN,stopword,preposition/subord. conj,function_word,0.0,0.00277,0.00277
5,humor,NN,noun,noun — singular,noun,0.2732,0.002784,0.002784
5,and,CC,stopword,coordinating conj,function_word,0.0,0.002782,0.002782
5,a,DT,stopword,determiner,function_word,0.0,0.000201,-0.000201
5,few,JJ,adjective,adj — base form,adj_neutral,0.0,0.000356,-0.000356
5,fanciful,JJ,adjective,adj — base form,adj_neutral,0.0,0.000245,-0.000245
5,"touches ,",NN,noun,noun — singular,noun,0.0,0.0003,-0.0003
5,the,DT,stopword,determiner,function_word,0.0,0.000267,-0.000267
5,film,NN,noun,noun — singular,noun,0.0,0.000253,-0.000253
5,is,VBZ,verb,verb — 3rd person present,verb,0.0,0.000272,-0.000272
5,a,DT,stopword,determiner,function_word,0.0,0.000257,-0.000257
5,refreshingly,RB,adverb,adverb — base,intensifier,0.0,0.010889,0.010889
5,serious,JJ,adjective,adj — base form,adj_neutral,-0.0772,0.010353,0.010353
5,look,NN,noun,noun — singular,noun,0.0,0.0092,0.0092
5,at,IN,stopword,preposition/subord. conj,function_word,0.0,0.009203,0.009203
5,young,JJ,adjective,adj — base form,adj_neutral,0.0,0.002526,0.002526
5,women,NNS,noun,noun — plural,noun,0.0,0.002507,0.002507
6,a,DT,stopword,determiner,function_word,0.0,0.041805,-0.041805
6,sometimes,RB,adverb,adverb — base,adverb,0.0,0.035701,-0.035701
6,tedious,JJ,adjective,adj — base form,adj_neutral,0.0,0.92637,-0.92637
6,film,NN,noun,noun — singular,noun,0.0,0.066298,0.066298
7,or,CC,stopword,coordinating conj,function_word,0.0,0.035649,-0.035649
7,doing,VBG,verb,verb — gerund/present part,verb,0.0,0.035257,-0.035257
7,last,JJ,adjective,adj — base form,adj_neutral,0.0,0.03723,-0.03723
7,year ',NN,noun,noun — singular,noun,0.0,0.03395,-0.03395
7,s,NN,noun,noun — singular,noun,0.0,0.037589,-0.037589
7,taxes,NNS,noun,noun — plural,noun,0.0,0.225425,-0.225425
7,with,IN,stopword,preposition/subord. conj,function_word,0.0,0.146624,-0.146624
7,your,PRP$,stopword,pronoun — possessive,function_word,0.0,0.128748,-0.128748
7,ex-,NN,noun,noun — singular,noun,0.0,0.130197,-0.130197
7,wife,NN,noun,noun — singular,noun,0.0,0.127236,-0.127236
8,you,PRP,stopword,pronoun — personal,function_word,0.0,0.042949,-0.042949
8,do,VBP,verb,verb — non-3rd present,verb,0.0,0.042939,-0.042939
8,n',NN,noun,noun — singular,noun,0.0,0.042904,-0.042904
8,t,NN,noun,noun — singular,noun,0.0,0.043018,-0.043018
8,have,VB,verb,verb — base form,verb,0.0,0.043245,-0.043245
8,to,TO,stopword,infinitive marker,function_word,0.0,0.042425,-0.042425
8,know,VB,verb,verb — base form,verb,0.0,0.042902,-0.042902
8,about,RB,adverb,adverb — base,adverb,0.0,0.042903,-0.042903
8,music,NN,noun,noun — singular,noun,0.0,0.039215,0.039215
8,to,TO,stopword,infinitive marker,function_word,0.0,0.039062,0.039062
8,appreciate,VB,verb,verb — base form,verb,0.4019,0.039176,0.039176
8,the,DT,stopword,determiner,function_word,0.0,0.039078,0.039078
8,film ',NN,noun,noun — singular,noun,0.0,0.038857,0.038857
8,s,NN,noun,noun — singular,noun,0.0,0.038841,0.038841
8,easygoing,VBG,verb,verb — gerund/present part,verb,0.3182,0.038854,0.038854
8,blend,NN,noun,noun — singular,noun,0.0,0.038996,0.038996
8,of,IN,stopword,preposition/subord. conj,function_word,0.0,0.038898,0.038898
8,comedy,NN,noun,noun — singular,noun,0.3612,0.038913,0.038913
8,and,CC,stopword,coordinating conj,function_word,0.0,0.004856,0.004856
8,romance,NN,noun,noun — singular,noun,0.5574,0.004871,0.004871
9,in,IN,stopword,preposition/subord. conj,function_word,0.0,0.031005,-0.031005
9,exactly,RB,adverb,adverb — base,adverb,0.0,0.030797,-0.030797
9,89,CD,other,cardinal number,other,0.0,0.031273,-0.031273
9,"minutes ,",NN,noun,noun — singular,noun,0.0,0.030716,-0.030716
9,most,JJS,adjective,adj — superlative,adj_neutral,0.0,0.031059,-0.031059
9,of,IN,stopword,preposition/subord. conj,function_word,0.0,0.030997,-0.030997
9,which,WDT,stopword,wh-determiner,other,0.0,0.030882,-0.030882
9,passed,VBD,verb,verb — past tense,verb,0.0,0.031773,-0.031773
9,as,IN,stopword,preposition/subord. conj,function_word,0.0,0.030957,-0.030957
9,slowly,RB,adverb,adverb — base,adverb,0.0,0.030641,-0.030641
9,as,IN,stopword,preposition/subord. conj,function_word,0.0,0.031049,-0.031049
9,if,IN,stopword,preposition/subord. conj,function_word,0.0,0.031238,-0.031238
9,i ',NN,noun,noun — singular,noun,0.0,0.03072,-0.03072
9,d,NN,noun,noun — singular,noun,0.0,0.031163,-0.031163
9,been,VBN,verb,verb — past participle,verb,0.0,0.03098,-0.03098
9,sitting,VBG,verb,verb — gerund/present part,verb,0.0,0.030974,-0.030974
9,naked,VBN,verb,verb — past participle,verb,0.0,0.031511,-0.031511
9,on,IN,stopword,preposition/subord. conj,function_word,0.0,0.031225,-0.031225
9,an,DT,stopword,determiner,function_word,0.0,0.031539,-0.031539
9,"igloo ,",NN,noun,noun — singular,noun,0.0,0.031131,-0.031131
9,formula,NN,noun,noun — singular,noun,0.0,0.031904,-0.031904
9,51,CD,other,cardinal number,other,0.0,0.031073,-0.031073
9,sank,NN,noun,noun — singular,noun,0.0,0.034739,-0.034739
9,from,IN,stopword,preposition/subord. conj,function_word,0.0,0.030501,-0.030501
9,quirky,NN,noun,noun — singular,noun,0.0,0.032002,-0.032002
9,to,TO,stopword,infinitive marker,function_word,0.0,0.031901,-0.031901
9,jerky,VB,verb,verb — base form,verb,0.0,0.031448,-0.031448
9,to,TO,stopword,infinitive marker,function_word,0.0,0.031197,-0.031197
9,utter,JJ,adjective,adj — base form,adj_neutral,0.0,0.032021,-0.032021
9,turkey,NN,noun,noun — singular,noun,0.0,0.032288,-0.032288
10,the,DT,stopword,determiner,function_word,0.0,0.003754,0.003754
10,mesmerizing,NN,noun,noun — singular,noun,0.0,0.00375,0.00375
10,performances,NNS,noun,noun — plural,noun,0.0,0.003789,0.003789
10,of,IN,stopword,preposition/subord. conj,function_word,0.0,0.003732,0.003732
10,the,DT,stopword,determiner,function_word,0.0,0.003762,0.003762
10,leads,NNS,noun,noun — plural,noun,0.0,0.003751,0.003751
10,keep,VB,verb,verb — base form,verb,0.0,0.003739,0.003739
10,the,DT,stopword,determiner,function_word,0.0,0.003744,0.003744
10,film,NN,noun,noun — singular,noun,0.0,0.003798,0.003798
10,grounded,VBD,verb,verb — past tense,verb,0.0,0.003775,0.003775
10,and,CC,stopword,coordinating conj,function_word,0.0,0.00378,0.00378
10,keep,VB,verb,verb — base form,verb,0.0,0.003752,0.003752
10,the,DT,stopword,determiner,function_word,0.0,0.003729,0.003729
10,audience,NN,noun,noun — singular,noun,0.0,0.003782,0.003782
10,riveted,VBD,verb,verb — past tense,verb,0.0,0.003724,0.003724
11,it,PRP,stopword,pronoun — personal,function_word,0.0,0.03968,-0.03968
11,takes,VBZ,verb,verb — 3rd person present,verb,0.0,0.039674,-0.039674
11,a,DT,stopword,determiner,function_word,0.0,0.039651,-0.039651
11,strange,JJ,adjective,adj — base form,adj_negative,-0.2023,0.03951,-0.03951
11,kind,NN,noun,noun — singular,noun,0.5267,0.039694,-0.039694
11,of,IN,stopword,preposition/subord. conj,function_word,0.0,0.039889,-0.039889
11,laziness,NN,noun,noun — singular,noun,0.0,0.039982,-0.039982
11,to,TO,stopword,infinitive marker,function_word,0.0,0.039646,-0.039646
11,waste,VB,verb,verb — base form,verb,-0.4215,0.053161,-0.053161
11,the,DT,stopword,determiner,function_word,0.0,0.030828,-0.030828
11,talents,NNS,noun,noun — plural,noun,0.4588,0.038854,-0.038854
11,of,IN,stopword,preposition/subord. conj,function_word,0.0,0.038982,-0.038982
11,robert,NN,noun,noun — singular,noun,0.0,0.039407,-0.039407
11,"forster ,",NN,noun,noun — singular,noun,0.0,0.039439,-0.039439
11,anne,NN,noun,noun — singular,noun,0.0,0.039502,-0.039502
11,"meara ,",NN,noun,noun — singular,noun,0.0,0.03937,-0.03937
11,eugene,NN,noun,noun — singular,noun,0.0,0.039434,-0.039434
11,"levy ,",NN,noun,noun — singular,noun,0.0,0.039407,-0.039407
11,and,CC,stopword,coordinating conj,function_word,0.0,0.039465,-0.039465
11,reginald,VB,verb,verb — base form,verb,0.0,0.026689,-0.026689
11,veljohnson,NN,noun,noun — singular,noun,0.0,0.026547,-0.026547
11,all,DT,stopword,determiner,function_word,0.0,0.026652,-0.026652
11,in,IN,stopword,preposition/subord. conj,function_word,0.0,0.026607,-0.026607
11,the,DT,stopword,determiner,function_word,0.0,0.026698,-0.026698
11,same,JJ,adjective,adj — base form,adj_neutral,0.0,0.026657,-0.026657
11,movie,NN,noun,noun — singular,noun,0.0,0.026878,-0.026878
12,...,:,other,other (:),other,0.0,0.06151,-0.06151
12,the,DT,stopword,determiner,function_word,0.0,0.061524,-0.061524
12,film,NN,noun,noun — singular,noun,0.0,0.061678,-0.061678
12,suffers,NNS,noun,noun — plural,noun,-0.4767,0.062142,-0.062142
12,from,IN,stopword,preposition/subord. conj,function_word,0.0,0.061643,-0.061643
12,a,DT,stopword,determiner,function_word,0.0,0.061568,-0.061568
12,lack,NN,noun,noun — singular,noun,-0.3182,0.062173,-0.062173
12,of,IN,stopword,preposition/subord. conj,function_word,0.0,0.061531,-0.061531
12,humor (,NN,noun,noun — singular,noun,0.2732,0.056215,-0.056215
12,something,NN,noun,noun — singular,noun,0.0,0.056041,-0.056041
12,needed,VBN,verb,verb — past participle,verb,0.0,0.056064,-0.056064
12,to,TO,stopword,infinitive marker,function_word,0.0,0.056119,-0.056119
12,balance,VB,verb,verb — base form,verb,0.0,0.056099,-0.056099
12,out,RP,other,particle,other,0.0,0.056086,-0.056086
12,the,DT,stopword,determiner,function_word,0.0,0.056106,-0.056106
12,violence,NN,noun,noun — singular,noun,-0.6249,0.056124,-0.056124
13,we,PRP,stopword,pronoun — personal,function_word,0.0,0.113576,0.113576
13,root,VBP,verb,verb — non-3rd present,verb,0.0,0.009285,-0.009285
13,for (,NN,noun,noun — singular,noun,0.0,0.004311,0.004311
13,clara,NN,noun,noun — singular,noun,0.0,0.074313,0.074313
13,and,CC,stopword,coordinating conj,function_word,0.0,0.033159,0.033159
13,"paul ) ,",NN,noun,noun — singular,noun,0.0,0.059476,0.059476
13,even,RB,adverb,adverb — base,adverb,0.0,0.008916,-0.008916
13,like,IN,stopword,preposition/subord. conj,function_word,0.3612,0.212694,0.212694
13,"them ,",NN,noun,noun — singular,noun,0.0,0.092738,-0.092738
13,though,IN,stopword,preposition/subord. conj,function_word,0.0,0.053042,-0.053042
13,perhaps,RB,adverb,adverb — base,adverb,0.0,0.000484,0.000484
13,it ',NN,noun,noun — singular,noun,0.0,0.172938,-0.172938
13,s,NN,noun,noun — singular,noun,0.0,0.008838,0.008838
13,an,DT,stopword,determiner,function_word,0.0,0.016757,-0.016757
13,emotion,NN,noun,noun — singular,noun,0.0,0.080946,0.080946
13,closer,NN,noun,noun — singular,noun,0.0,0.049849,-0.049849
13,to,TO,stopword,infinitive marker,function_word,0.0,0.099848,-0.099848
13,pity,NN,noun,noun — singular,noun,-0.296,0.713159,-0.713159
14,even,RB,adverb,adverb — base,adverb,0.0,0.040523,-0.040523
14,horror,NN,noun,noun — singular,noun,-0.5719,0.040533,-0.040533
14,fans,NNS,noun,noun — plural,noun,0.0,0.040535,-0.040535
14,will,MD,verb,verb — modal,modal,0.0,0.040546,-0.040546
14,most,VB,verb,verb — base form,verb,0.0,0.040554,-0.040554
14,likely,RB,adverb,adverb — base,adverb,0.0,0.040562,-0.040562
14,not,RB,adverb,adverb — base,negation,0.0,0.040553,-0.040553
14,find,VB,verb,verb — base form,verb,0.0,0.040539,-0.040539
14,what,WP,stopword,wh-pronoun,other,0.0,0.040833,-0.040833
14,they ',NN,noun,noun — singular,noun,0.0,0.040799,-0.040799
14,re,NN,noun,noun — singular,noun,0.0,0.040757,-0.040757
14,seeking,VBG,verb,verb — gerund/present part,verb,0.0,0.040786,-0.040786
14,with,IN,stopword,preposition/subord. conj,function_word,0.0,0.040782,-0.040782
14,trouble,NN,noun,noun — singular,noun,-0.4019,0.040763,-0.040763
14,every,DT,stopword,determiner,function_word,0.0,0.040792,-0.040792
14,day ;,NN,noun,noun — singular,noun,0.0,0.040808,-0.040808
14,the,DT,stopword,determiner,function_word,0.0,0.153463,0.153463
14,movie,NN,noun,noun — singular,noun,0.0,0.153424,0.153424
14,lacks,VBZ,verb,verb — 3rd person present,verb,0.0,0.84121,-0.84121
14,both,DT,stopword,determiner,function_word,0.0,0.156208,0.156208
14,thrills,NNS,noun,noun — plural,noun,0.3612,0.156477,0.156477
14,and,CC,stopword,coordinating conj,function_word,0.0,0.035175,-0.035175
14,humor,NN,noun,noun — singular,noun,0.2732,0.035015,-0.035015
15,a,DT,stopword,determiner,function_word,0.0,0.003543,0.003543
15,"gorgeous ,",NN,noun,noun — singular,noun,0.6124,0.003568,0.003568
15,high-,NN,noun,noun — singular,noun,0.0,0.003531,0.003531
15,spirited,NN,noun,noun — singular,noun,0.3182,0.003533,0.003533
15,musical,JJ,adjective,adj — base form,adj_neutral,0.0,0.003547,0.003547
15,from,IN,stopword,preposition/subord. conj,function_word,0.0,0.003505,0.003505
15,india,NN,noun,noun — singular,noun,0.0,0.003507,0.003507
15,that,WDT,stopword,wh-determiner,other,0.0,0.003541,0.003541
15,exquisitely,RB,adverb,adverb — base,adverb,0.0,0.003503,0.003503
15,blends,VBZ,verb,verb — 3rd person present,verb,0.0,0.00353,0.00353
15,"music ,",NN,noun,noun — singular,noun,0.0,0.003513,0.003513
15,"dance ,",NN,noun,noun — singular,noun,0.0,0.003505,0.003505
15,"song ,",NN,noun,noun — singular,noun,0.0,0.00353,0.00353
15,and,CC,stopword,coordinating conj,function_word,0.0,0.003532,0.003532
15,high,JJ,adjective,adj — base form,adj_neutral,0.0,0.003528,0.003528
15,drama,NN,noun,noun — singular,noun,0.0,0.003512,0.003512
16,the,DT,stopword,determiner,function_word,0.0,0.022164,0.022164
16,emotions,NNS,noun,noun — plural,noun,0.0,0.024437,0.024437
16,are,VBP,verb,verb — non-3rd present,verb,0.0,0.022337,0.022337
16,raw,JJ,adjective,adj — base form,adj_neutral,0.0,0.023483,0.023483
16,and,CC,stopword,coordinating conj,function_word,0.0,0.017007,0.017007
16,will,MD,verb,verb — modal,modal,0.0,0.004364,-0.004364
16,strike,VB,verb,verb — base form,verb,-0.128,0.004248,-0.004248
16,a,DT,stopword,determiner,function_word,0.0,0.004455,-0.004455
16,nerve,NN,noun,noun — singular,noun,0.0,0.004417,-0.004417
16,with,IN,stopword,preposition/subord. conj,function_word,0.0,0.004488,-0.004488
16,anyone,NN,noun,noun — singular,noun,0.0,0.004649,-0.004649
16,who ',NN,noun,noun — singular,noun,0.0,0.004236,-0.004236
16,s,NN,noun,noun — singular,noun,0.0,0.004233,-0.004233
16,ever,RB,adverb,adverb — base,adverb,0.0,0.004456,-0.004456
16,had,VBD,verb,verb — past tense,verb,0.0,0.004694,-0.004694
16,family,NN,noun,noun — singular,noun,0.0,0.004405,-0.004405
16,trauma,NN,noun,noun — singular,noun,-0.4215,0.004822,-0.004822
17,audrey,NN,noun,noun — singular,noun,0.0,0.001878,0.001878
17,tatou,NN,noun,noun — singular,noun,0.0,0.001871,0.001871
17,has,VBZ,verb,verb — 3rd person present,verb,0.0,0.001879,0.001879
17,a,DT,stopword,determiner,function_word,0.0,0.001841,0.001841
17,knack,NN,noun,noun — singular,noun,0.0,0.001887,0.001887
17,for,IN,stopword,preposition/subord. conj,function_word,0.0,0.00187,0.00187
17,picking,VBG,verb,verb — gerund/present part,verb,0.0,0.001844,0.001844
17,roles,NNS,noun,noun — plural,noun,0.0,0.001874,0.001874
17,that,WDT,stopword,wh-determiner,other,0.0,0.001878,0.001878
17,magnify,VBP,verb,verb — non-3rd present,verb,0.0,0.001886,0.001886
17,her,PRP$,stopword,pronoun — possessive,function_word,0.0,0.001873,0.001873
17,outrageous,JJ,adjective,adj — base form,adj_negative,-0.4588,0.001885,0.001885
17,"charm ,",NN,noun,noun — singular,noun,0.4019,0.001897,0.001897
17,and,CC,stopword,coordinating conj,function_word,0.0,0.001903,0.001903
17,in,IN,stopword,preposition/subord. conj,function_word,0.0,0.001894,0.001894
17,this,DT,stopword,determiner,function_word,0.0,0.001928,0.001928
17,literate,JJ,adjective,adj — base form,adj_neutral,0.0,0.001862,0.001862
17,french,JJ,adjective,adj — base form,adj_neutral,0.0,0.00185,0.00185
17,"comedy ,",NN,noun,noun — singular,noun,0.3612,0.001972,0.001972
17,she ',NN,noun,noun — singular,noun,0.0,0.001879,0.001879
17,s,NN,noun,noun — singular,noun,0.0,0.001841,0.001841
17,as,IN,stopword,preposition/subord. conj,function_word,0.0,0.001842,0.001842
17,morning-,NN,noun,noun — singular,noun,0.0,0.00184,0.00184
17,glory,NN,noun,noun — singular,noun,0.5423,0.001849,0.001849
17,exuberant,NN,noun,noun — singular,noun,0.5859,0.001955,0.001955
17,as,IN,stopword,preposition/subord. conj,function_word,0.0,0.001893,0.001893
17,she,PRP,stopword,pronoun — personal,function_word,0.0,0.001856,0.001856
17,was,VBD,verb,verb — past tense,verb,0.0,0.001849,0.001849
17,in,IN,stopword,preposition/subord. conj,function_word,0.0,0.001843,0.001843
17,amélie,NN,noun,noun — singular,noun,0.0,0.00189,0.00189
18,...,:,other,other (:),other,0.0,0.024222,-0.024222
18,the,DT,stopword,determiner,function_word,0.0,0.024316,-0.024316
18,movie,NN,noun,noun — singular,noun,0.0,0.024358,-0.024358
18,is,VBZ,verb,verb — 3rd person present,verb,0.0,0.024896,-0.024896
18,just,RB,adverb,adverb — base,adverb,0.0,0.169056,-0.169056
18,a,DT,stopword,determiner,function_word,0.0,0.168921,-0.168921
18,plain,NN,noun,noun — singular,noun,0.0,0.168951,-0.168951
18,old,JJ,adjective,adj — base form,adj_neutral,0.0,0.169026,-0.169026
18,monster,NN,noun,noun — singular,noun,0.0,0.16883,-0.16883
19,in,IN,stopword,preposition/subord. conj,function_word,0.0,0.047476,-0.047476
19,its,PRP$,stopword,pronoun — possessive,function_word,0.0,0.047325,-0.047325
19,best,JJS,adjective,adj — superlative,adj_positive,0.6369,0.046992,-0.046992
19,"moments ,",NN,noun,noun — singular,noun,0.0,0.047226,-0.047226
19,resembles,VBZ,verb,verb — 3rd person present,verb,0.0,0.069423,-0.069423
19,a,DT,stopword,determiner,function_word,0.0,0.06941,-0.06941
19,bad,JJ,adjective,adj — base form,adj_negative,-0.5423,0.0751,-0.0751
19,high,JJ,adjective,adj — base form,adj_neutral,0.0,0.07097,-0.07097
19,school,NN,noun,noun — singular,noun,0.0,0.058673,-0.058673
19,production,NN,noun,noun — singular,noun,0.0,0.058641,-0.058641
19,of,IN,stopword,preposition/subord. conj,function_word,0.0,0.058455,-0.058455
19,"grease ,",NN,noun,noun — singular,noun,0.0,0.058453,-0.058453
19,without,IN,stopword,preposition/subord. conj,negation,0.0,0.058866,-0.058866
19,benefit,NN,noun,noun — singular,noun,0.4588,0.058325,-0.058325
19,of,IN,stopword,preposition/subord. conj,function_word,0.0,0.05846,-0.05846
19,song,NN,noun,noun — singular,noun,0.0,0.058519,-0.058519
20,pumpkin,NN,noun,noun — singular,noun,0.0,0.110351,0.110351
20,takes,VBZ,verb,verb — 3rd person present,verb,0.0,0.000481,0.000481
20,an,DT,stopword,determiner,function_word,0.0,0.116482,0.116482
20,admirable,JJ,adjective,adj — base form,adj_positive,0.5574,0.138019,0.138019
20,look,NN,noun,noun — singular,noun,0.0,0.077837,0.077837
20,at,IN,stopword,preposition/subord. conj,function_word,0.0,0.074172,0.074172
20,the,DT,stopword,determiner,function_word,0.0,0.039484,0.039484
20,hypocrisy,NN,noun,noun — singular,noun,0.0,0.080954,0.080954
20,of,IN,stopword,preposition/subord. conj,function_word,0.0,0.106348,0.106348
20,political,JJ,adjective,adj — base form,adj_neutral,0.0,0.07932,0.07932
20,"correctness ,",NN,noun,noun — singular,noun,0.0,0.054208,0.054208
20,but,CC,stopword,coordinating conj,function_word,0.0,0.820492,-0.820492
20,it,PRP,stopword,pronoun — personal,function_word,0.0,0.261377,-0.261377
20,does,VBZ,verb,verb — 3rd person present,verb,0.0,0.074211,0.074211
20,so,RB,adverb,adverb — base,adverb,0.0,0.018098,-0.018098
20,with,IN,stopword,preposition/subord. conj,function_word,0.0,0.01072,0.01072
20,such,JJ,adjective,adj — base form,adj_neutral,0.0,0.000142,-0.000142
20,an,DT,stopword,determiner,function_word,0.0,0.085031,0.085031
20,uneven,JJ,adjective,adj — base form,adj_neutral,0.0,0.801148,-0.801148
20,tone,NN,noun,noun — singular,noun,0.0,0.045633,-0.045633
20,that,WDT,stopword,wh-determiner,other,0.0,0.016317,0.016317
20,you,PRP,stopword,pronoun — personal,function_word,0.0,0.028272,0.028272
20,never,RB,adverb,adverb — base,negation,0.0,0.04263,-0.04263
20,know,VBP,verb,verb — non-3rd present,verb,0.0,0.046939,0.046939
20,when,WRB,other,wh-adverb,other,0.0,0.003476,0.003476
20,humor,NN,noun,noun — singular,noun,0.2732,0.006691,-0.006691
20,ends,VBZ,verb,verb — 3rd person present,verb,0.0,0.035927,-0.035927
20,and,CC,stopword,coordinating conj,function_word,0.0,0.001115,-0.001115
20,tragedy,NN,noun,noun — singular,noun,-0.6597,0.009051,0.009051
20,begins,NNS,noun,noun — plural,noun,0.0,0.000747,0.000747
21,the,DT,stopword,determiner,function_word,0.0,0.001,-0.001
21,iditarod,NN,noun,noun — singular,noun,0.0,0.001074,-0.001074
21,lasts,VBZ,verb,verb — 3rd person present,verb,0.0,0.013888,-0.013888
21,for,IN,stopword,preposition/subord. conj,function_word,0.0,0.028875,-0.028875
21,days -,NN,noun,noun — singular,noun,0.0,0.270063,-0.270063
21,this,DT,stopword,determiner,function_word,0.0,0.389833,-0.389833
21,just,RB,adverb,adverb — base,adverb,0.0,0.225925,-0.225925
21,felt,VBN,verb,verb — past participle,verb,0.0,0.04024,-0.04024
21,like,IN,stopword,preposition/subord. conj,function_word,0.3612,0.038263,-0.038263
21,it,PRP,stopword,pronoun — personal,function_word,0.0,0.067314,0.067314
21,did,VBD,verb,verb — past tense,verb,0.0,0.015091,0.015091
22,holden,JJ,adjective,adj — base form,adj_neutral,0.0,0.109262,0.109262
22,caulfield,NN,noun,noun — singular,noun,0.0,0.338785,0.338785
22,did,VBD,verb,verb — past tense,verb,0.0,0.124982,-0.124982
22,it,PRP,stopword,pronoun — personal,function_word,0.0,0.187543,-0.187543
22,better,RBR,adverb,adverb — comparative,adverb,0.4404,0.280896,-0.280896
23,a,DT,stopword,determiner,function_word,0.0,0.004042,0.004042
23,delectable,JJ,adjective,adj — base form,adj_positive,0.5994,0.004056,0.004056
23,and,CC,stopword,coordinating conj,function_word,0.0,0.004035,0.004035
23,intriguing,JJ,adjective,adj — base form,adj_neutral,0.0,0.004052,0.004052
23,thriller,NN,noun,noun — singular,noun,0.1027,0.004054,0.004054
23,filled,VBN,verb,verb — past participle,verb,0.0,0.00405,0.00405
23,with,IN,stopword,preposition/subord. conj,function_word,0.0,0.004044,0.004044
23,"surprises ,",NN,noun,noun — singular,noun,0.2263,0.004013,0.004013
23,read,VB,verb,verb — base form,verb,0.0,0.004004,0.004004
23,my,PRP$,stopword,pronoun — possessive,function_word,0.0,0.004003,0.004003
23,lips,NNS,noun,noun — plural,noun,0.0,0.004017,0.004017
23,is,VBZ,verb,verb — 3rd person present,verb,0.0,0.004009,0.004009
23,an,DT,stopword,determiner,function_word,0.0,0.004025,0.004025
23,original,JJ,adjective,adj — base form,adj_positive,0.3182,0.004006,0.004006
24,seldom,NN,noun,noun — singular,noun,0.0,0.002378,-0.002378
24,has,VBZ,verb,verb — 3rd person present,verb,0.0,0.000647,0.000647
24,a,DT,stopword,determiner,function_word,0.0,0.006657,0.006657
24,movie,NN,noun,noun — singular,noun,0.0,0.005891,0.005891
24,so,RB,adverb,adverb — base,adverb,0.0,0.007175,0.007175
24,closely,RB,adverb,adverb — base,adverb,0.0,0.001801,0.001801
24,matched,VBD,verb,verb — past tense,verb,0.0,0.004608,0.004608
24,the,DT,stopword,determiner,function_word,0.0,0.003838,0.003838
24,spirit,NN,noun,noun — singular,noun,0.1779,0.004817,0.004817
24,of,IN,stopword,preposition/subord. conj,function_word,0.0,0.003754,0.003754
24,a,DT,stopword,determiner,function_word,0.0,0.00344,0.00344
24,man,NN,noun,noun — singular,noun,0.0,0.003829,0.003829
24,and,CC,stopword,coordinating conj,function_word,0.0,0.003453,0.003453
24,his,PRP$,stopword,pronoun — possessive,function_word,0.0,0.003624,0.003624
24,work,NN,noun,noun — singular,noun,0.0,0.004209,0.004209
25,"nicks ,",NN,noun,noun — singular,noun,0.0,0.15887,-0.15887
25,seemingly,RB,adverb,adverb — base,adverb,0.0,0.159304,-0.159304
25,uncertain,JJ,adjective,adj — base form,adj_negative,-0.296,0.188945,-0.188945
25,what ',NN,noun,noun — singular,noun,0.0,0.165373,-0.165373
25,s,NN,noun,noun — singular,noun,0.0,0.008922,-0.008922
25,going,VBG,verb,verb — gerund/present part,verb,0.0,0.013688,-0.013688
25,to,TO,stopword,infinitive marker,function_word,0.0,0.014748,-0.014748
25,make,VB,verb,verb — base form,verb,0.0,0.008882,-0.008882
25,people,NNS,noun,noun — plural,noun,0.0,0.008994,0.008994
25,"laugh ,",NN,noun,noun — singular,noun,0.5574,0.013529,0.013529
25,runs,VBZ,verb,verb — 3rd person present,verb,0.0,0.010636,0.010636
25,the,DT,stopword,determiner,function_word,0.0,0.011215,0.011215
25,gamut,NN,noun,noun — singular,noun,0.0,0.048749,0.048749
25,from,IN,stopword,preposition/subord. conj,function_word,0.0,0.04412,0.04412
25,stale,JJ,adjective,adj — base form,adj_neutral,0.0,0.120026,-0.120026
25,parody,NN,noun,noun — singular,noun,0.0,0.067485,0.067485
25,to,TO,stopword,infinitive marker,function_word,0.0,0.036642,-0.036642
25,raunchy,VB,verb,verb — base form,verb,0.0,0.034898,-0.034898
25,sex,NN,noun,noun — singular,noun,0.0,0.037785,-0.037785
25,gags,NNS,noun,noun — plural,noun,0.0,0.041529,-0.041529
25,to,TO,stopword,infinitive marker,function_word,0.0,0.035125,-0.035125
25,formula,VB,verb,verb — base form,verb,0.0,0.046081,-0.046081
25,romantic,JJ,adjective,adj — base form,adj_positive,0.4019,0.038155,-0.038155
25,comedy,NN,noun,noun — singular,noun,0.3612,0.031693,-0.031693
26,the,DT,stopword,determiner,function_word,0.0,0.001722,0.001722
26,action,NN,noun,noun — singular,noun,0.0,0.0022,-0.0022
26,switches,VBZ,verb,verb — 3rd person present,verb,0.0,0.001946,0.001946
26,between,IN,stopword,preposition/subord. conj,function_word,0.0,0.006125,0.006125
26,past,JJ,adjective,adj — base form,adj_neutral,0.0,0.003863,0.003863
26,and,CC,stopword,coordinating conj,function_word,0.0,0.002187,0.002187
26,"present ,",NN,noun,noun — singular,noun,0.0,0.002861,0.002861
26,but,CC,stopword,coordinating conj,function_word,0.0,0.000533,-0.000533
26,the,DT,stopword,determiner,function_word,0.0,0.001047,0.001047
26,material,NN,noun,noun — singular,noun,0.0,0.000798,0.000798
26,link,NN,noun,noun — singular,noun,0.0,0.005647,0.005647
26,is,VBZ,verb,verb — 3rd person present,verb,0.0,0.005875,-0.005875
26,too,RB,adverb,adverb — base,adverb,0.0,0.61713,-0.61713
26,tenuous,JJ,adjective,adj — base form,adj_neutral,0.0,0.364036,-0.364036
26,to,TO,stopword,infinitive marker,function_word,0.0,0.007367,-0.007367
26,anchor,VB,verb,verb — base form,verb,0.0,0.011466,0.011466
26,the,DT,stopword,determiner,function_word,0.0,0.001473,0.001473
26,emotional,JJ,adjective,adj — base form,adj_positive,0.1531,0.004186,0.004186
26,connections,NNS,noun,noun — plural,noun,0.0,0.001441,0.001441
26,that,WDT,stopword,wh-determiner,other,0.0,0.003071,0.003071
26,purport,VBP,verb,verb — non-3rd present,verb,0.0,3.5e-05,3.5e-05
26,to,TO,stopword,infinitive marker,function_word,0.0,0.002186,0.002186
26,span,VB,verb,verb — base form,verb,0.0,0.004733,0.004733
26,a,DT,stopword,determiner,function_word,0.0,0.002093,0.002093
26,125-,NN,noun,noun — singular,noun,0.0,0.003373,0.003373
26,year,NN,noun,noun — singular,noun,0.0,0.002965,0.002965
26,divide,NN,noun,noun — singular,noun,0.0,0.001036,-0.001036
27,it ',NN,noun,noun — singular,noun,0.0,0.011433,-0.011433
27,s,NN,noun,noun — singular,noun,0.0,0.011492,-0.011492
27,an,DT,stopword,determiner,function_word,0.0,0.011288,-0.011288
27,offbeat,JJ,adjective,adj — base form,adj_neutral,0.0,0.011378,-0.011378
27,treat,NN,noun,noun — singular,noun,0.4019,0.019809,0.019809
27,that,WDT,stopword,wh-determiner,other,0.0,0.017617,0.017617
27,pokes,VBZ,verb,verb — 3rd person present,verb,0.0,0.015523,0.015523
27,fun,NN,noun,noun — singular,noun,0.5106,0.015609,0.015609
27,at,IN,stopword,preposition/subord. conj,function_word,0.0,0.002332,0.002332
27,the,DT,stopword,determiner,function_word,0.0,0.002359,0.002359
27,democratic,JJ,adjective,adj — base form,adj_neutral,0.0,0.002404,0.002404
27,exercise,NN,noun,noun — singular,noun,0.0,0.0023,0.0023
27,while,IN,stopword,preposition/subord. conj,function_word,0.0,0.002356,0.002356
27,also,RB,adverb,adverb — base,adverb,0.0,0.002343,0.002343
27,examining,VBG,verb,verb — gerund/present part,verb,0.0,0.00231,0.00231
27,its,PRP$,stopword,pronoun — possessive,function_word,0.0,0.002358,0.002358
27,significance,NN,noun,noun — singular,noun,0.2732,0.002453,0.002453
27,for,IN,stopword,preposition/subord. conj,function_word,0.0,0.002366,0.002366
27,those,DT,stopword,determiner,function_word,0.0,0.002453,0.002453
27,who,WP,stopword,wh-pronoun,other,0.0,0.002425,0.002425
27,take,VBP,verb,verb — non-3rd present,verb,0.0,0.00235,0.00235
27,part,NN,noun,noun — singular,noun,0.0,0.002505,0.002505
28,it ',NN,noun,noun — singular,noun,0.0,0.015879,-0.015879
28,s,NN,noun,noun — singular,noun,0.0,0.01491,-0.01491
28,a,DT,stopword,determiner,function_word,0.0,0.014432,-0.014432
28,cookie-,NN,noun,noun — singular,noun,0.0,0.018395,-0.018395
28,cutter,NN,noun,noun — singular,noun,0.0,0.125711,-0.125711
28,"movie ,",NN,noun,noun — singular,noun,0.0,0.125227,-0.125227
28,a,DT,stopword,determiner,function_word,0.0,0.12587,-0.12587
28,cut-,NN,noun,noun — singular,noun,-0.2732,0.128354,-0.128354
28,and-,NN,noun,noun — singular,noun,0.0,0.122071,-0.122071
28,paste,NN,noun,noun — singular,noun,0.0,0.12658,-0.12658
28,job,NN,noun,noun — singular,noun,0.0,0.12329,-0.12329
29,i,NN,noun,noun — singular,noun,0.0,0.093397,-0.093397
29,had,VBD,verb,verb — past tense,verb,0.0,0.09373,-0.09373
29,to,TO,stopword,infinitive marker,function_word,0.0,0.093095,-0.093095
29,look,VB,verb,verb — base form,verb,0.0,0.092382,-0.092382
29,away -,NN,noun,noun — singular,noun,0.0,0.067907,-0.067907
29,this,DT,stopword,determiner,function_word,0.0,0.070081,-0.070081
29,was,VBD,verb,verb — past tense,verb,0.0,0.188171,0.188171
29,god,JJ,adjective,adj — base form,adj_positive,0.2732,0.189357,0.189357
29,awful,JJ,adjective,adj — base form,adj_negative,-0.4588,0.80592,-0.80592
30,thanks,NNS,noun,noun — plural,noun,0.4404,0.002206,0.002206
30,to,TO,stopword,infinitive marker,function_word,0.0,0.002141,0.002141
30,scott ',NN,noun,noun — singular,noun,0.0,0.002189,0.002189
30,s,NN,noun,noun — singular,noun,0.0,0.002164,0.002164
30,charismatic,JJ,adjective,adj — base form,adj_neutral,0.0,0.002159,0.002159
30,roger,NN,noun,noun — singular,noun,0.0,0.002218,0.002218
30,and,CC,stopword,coordinating conj,function_word,0.0,0.002166,0.002166
30,eisenberg ',NN,noun,noun — singular,noun,0.0,0.002157,0.002157
30,s,NN,noun,noun — singular,noun,0.0,0.002169,0.002169
30,sweet,JJ,adjective,adj — base form,adj_positive,0.4588,0.002215,0.002215
30,"nephew ,",NN,noun,noun — singular,noun,0.0,0.002118,0.002118
30,roger,NN,noun,noun — singular,noun,0.0,0.00217,0.00217
30,dodger,NN,noun,noun — singular,noun,0.0,0.00215,0.00215
30,is,VBZ,verb,verb — 3rd person present,verb,0.0,0.002119,0.002119
30,one,CD,other,cardinal number,other,0.0,0.002202,0.002202
30,of,IN,stopword,preposition/subord. conj,function_word,0.0,0.002142,0.002142
30,the,DT,stopword,determiner,function_word,0.0,0.002159,0.002159
30,most,RBS,adverb,adverb — superlative,adverb,0.0,0.00218,0.00218
30,compelling,JJ,adjective,adj — base form,adj_positive,0.2263,0.002208,0.002208
30,variations,NNS,noun,noun — plural,noun,0.0,0.002095,0.002095
30,on,IN,stopword,preposition/subord. conj,function_word,0.0,0.002176,0.002176
30,in,IN,stopword,preposition/subord. conj,function_word,0.0,0.002169,0.002169
30,the,DT,stopword,determiner,function_word,0.0,0.002149,0.002149
30,company,NN,noun,noun — singular,noun,0.0,0.002199,0.002199
30,of,IN,stopword,preposition/subord. conj,function_word,0.0,0.002149,0.002149
30,men,NNS,noun,noun — plural,noun,0.0,0.002136,0.002136
31,...,:,other,other (:),other,0.0,0.002871,0.002871
31,designed,VBN,verb,verb — past participle,verb,0.0,0.002128,0.002128
31,to,TO,stopword,infinitive marker,function_word,0.0,0.001334,0.001334
31,provide,VB,verb,verb — base form,verb,0.0,0.002624,0.002624
31,a,DT,stopword,determiner,function_word,0.0,0.002512,0.002512
31,mix,NN,noun,noun — singular,noun,0.0,0.003316,0.003316
31,of,IN,stopword,preposition/subord. conj,function_word,0.0,0.00211,0.00211
31,smiles,NNS,noun,noun — plural,noun,0.4767,0.004072,0.004072
31,and,CC,stopword,coordinating conj,function_word,0.0,0.003536,0.003536
31,"tears , ``",NN,noun,noun — singular,noun,-0.2263,0.08134,-0.08134
31,crossroads '',NN,noun,noun — singular,noun,0.0,0.078306,-0.078306
31,instead,RB,adverb,adverb — base,adverb,0.0,0.281249,-0.281249
31,provokes,VB,verb,verb — base form,verb,-0.3182,0.03563,-0.03563
31,a,DT,stopword,determiner,function_word,0.0,0.074028,-0.074028
31,handful,NN,noun,noun — singular,noun,0.0,0.074404,-0.074404
31,of,IN,stopword,preposition/subord. conj,function_word,0.0,0.075987,-0.075987
31,unintentional,JJ,adjective,adj — base form,adj_neutral,0.0,0.074907,-0.074907
31,howlers,NNS,noun,noun — plural,noun,0.0,0.072738,-0.072738
31,and,CC,stopword,coordinating conj,function_word,0.0,0.026325,-0.026325
31,numerous,JJ,adjective,adj — base form,adj_neutral,0.0,0.008849,-0.008849
31,yawns,NNS,noun,noun — plural,noun,0.0,0.078814,-0.078814
32,a,DT,stopword,determiner,function_word,0.0,0.011269,0.011269
32,"gorgeous ,",NN,noun,noun — singular,noun,0.6124,0.011298,0.011298
32,"witty ,",NN,noun,noun — singular,noun,0.0,0.011305,0.011305
32,seductive,JJ,adjective,adj — base form,adj_neutral,0.0,0.011288,0.011288
32,movie,NN,noun,noun — singular,noun,0.0,0.011298,0.011298
33,if,IN,stopword,preposition/subord. conj,function_word,0.0,0.69972,-0.69972
33,the,DT,stopword,determiner,function_word,0.0,0.217493,0.217493
33,movie,NN,noun,noun — singular,noun,0.0,0.165468,0.165468
33,succeeds,VBZ,verb,verb — 3rd person present,verb,0.4939,0.179368,0.179368
33,in,IN,stopword,preposition/subord. conj,function_word,0.0,0.014021,-0.014021
33,instilling,VBG,verb,verb — gerund/present part,verb,0.0,0.003523,-0.003523
33,a,DT,stopword,determiner,function_word,0.0,0.004697,-0.004697
33,wary,JJ,adjective,adj — base form,adj_neutral,0.0,0.00347,-0.00347
33,sense,NN,noun,noun — singular,noun,0.0,0.012812,-0.012812
33,of `,NN,noun,noun — singular,noun,0.0,0.013741,-0.013741
33,there,EX,stopword,existential 'there',function_word,0.0,0.021406,-0.021406
33,but,CC,stopword,coordinating conj,function_word,0.0,0.010765,-0.010765
33,for,IN,stopword,preposition/subord. conj,function_word,0.0,1.3e-05,1.3e-05
33,the,DT,stopword,determiner,function_word,0.0,0.000291,0.000291
33,grace,NN,noun,noun — singular,noun,0.4215,0.000189,0.000189
33,of,IN,stopword,preposition/subord. conj,function_word,0.0,0.000321,0.000321
33,"god , '",NN,noun,noun — singular,noun,0.2732,0.177812,-0.177812
33,it,PRP,stopword,pronoun — personal,function_word,0.0,0.173344,-0.173344
33,is,VBZ,verb,verb — 3rd person present,verb,0.0,0.17186,-0.17186
33,far,RB,adverb,adverb — base,adverb,0.0,0.171415,-0.171415
33,too,RB,adverb,adverb — base,adverb,0.0,0.006287,0.006287
33,self-,NN,noun,noun — singular,noun,0.0,0.793862,-0.793862
33,conscious,NN,noun,noun — singular,noun,0.0,0.086514,0.086514
33,to,TO,stopword,infinitive marker,function_word,0.0,0.094264,0.094264
33,draw,VB,verb,verb — base form,verb,0.0,0.096848,0.096848
33,you,PRP,stopword,pronoun — personal,function_word,0.0,0.097983,0.097983
33,deeply,RB,adverb,adverb — base,intensifier,0.0,0.098082,0.098082
33,into,IN,stopword,preposition/subord. conj,function_word,0.0,0.096525,0.096525
33,its,PRP$,stopword,pronoun — possessive,function_word,0.0,0.097179,0.097179
33,world,NN,noun,noun — singular,noun,0.0,0.095928,0.095928
34,it,PRP,stopword,pronoun — personal,function_word,0.0,0.052282,-0.052282
34,does,VBZ,verb,verb — 3rd person present,verb,0.0,0.052271,-0.052271
34,n',NN,noun,noun — singular,noun,0.0,0.052264,-0.052264
34,t,NN,noun,noun — singular,noun,0.0,0.052423,-0.052423
34,believe,VB,verb,verb — base form,verb,0.0,0.052229,-0.052229
34,in,IN,stopword,preposition/subord. conj,function_word,0.0,0.052289,-0.052289
34,"itself ,",NN,noun,noun — singular,noun,0.0,0.052317,-0.052317
34,it,PRP,stopword,pronoun — personal,function_word,0.0,0.05223,-0.05223
34,has,VBZ,verb,verb — 3rd person present,verb,0.0,0.052286,-0.052286
34,no,DT,stopword,determiner,negation,-0.296,0.052694,-0.052694
34,sense,NN,noun,noun — singular,noun,0.0,0.052421,-0.052421
34,of,IN,stopword,preposition/subord. conj,function_word,0.0,0.052344,-0.052344
34,humor ...,NN,noun,noun — singular,noun,0.2732,0.052426,-0.052426
34,it ',NN,noun,noun — singular,noun,0.0,0.052338,-0.052338
34,s,NN,noun,noun — singular,noun,0.0,0.052354,-0.052354
34,just,RB,adverb,adverb — base,adverb,0.0,0.052387,-0.052387
34,plain,RB,adverb,adverb — base,adverb,0.0,0.05243,-0.05243
34,bored,JJ,adjective,adj — base form,adj_negative,-0.2732,0.052611,-0.052611
35,a,DT,stopword,determiner,function_word,0.0,0.014871,-0.014871
35,sequence,NN,noun,noun — singular,noun,0.0,0.014642,-0.014642
35,of,IN,stopword,preposition/subord. conj,function_word,0.0,0.072746,-0.072746
35,ridiculous,JJ,adjective,adj — base form,adj_negative,-0.3612,0.842153,-0.842153
35,shoot - ',NN,noun,noun — singular,noun,-0.34,0.0004,0.0004
35,em -,NN,noun,noun — singular,noun,0.0,0.000652,0.000652
35,up,RB,adverb,adverb — base,adverb,0.0,0.000833,0.000833
35,scenes,NNS,noun,noun — plural,noun,0.0,0.000383,0.000383
36,the,DT,stopword,determiner,function_word,0.0,0.004759,-0.004759
36,weight,NN,noun,noun — singular,noun,0.0,0.004988,-0.004988
36,of,IN,stopword,preposition/subord. conj,function_word,0.0,0.005024,-0.005024
36,the,DT,stopword,determiner,function_word,0.0,0.004743,-0.004743
36,"piece ,",NN,noun,noun — singular,noun,0.0,0.003051,-0.003051
36,the,DT,stopword,determiner,function_word,0.0,0.004629,-0.004629
36,unerring,JJ,adjective,adj — base form,adj_neutral,0.0,0.002507,-0.002507
36,professionalism,NN,noun,noun — singular,noun,0.0,0.004386,-0.004386
36,of,IN,stopword,preposition/subord. conj,function_word,0.0,0.004237,-0.004237
36,the,DT,stopword,determiner,function_word,0.0,0.004086,-0.004086
36,chilly,JJ,adjective,adj — base form,adj_neutral,0.0,0.005045,-0.005045
36,"production ,",NN,noun,noun — singular,noun,0.0,0.005079,-0.005079
36,and,CC,stopword,coordinating conj,function_word,0.0,0.004235,-0.004235
36,the,DT,stopword,determiner,function_word,0.0,0.010806,0.010806
36,fascination,NN,noun,noun — singular,noun,0.4939,0.014247,0.014247
36,embedded,VBD,verb,verb — past tense,verb,0.0,0.010656,0.010656
36,in,IN,stopword,preposition/subord. conj,function_word,0.0,0.010429,0.010429
36,the,DT,stopword,determiner,function_word,0.0,0.009807,0.009807
36,lurid,JJ,adjective,adj — base form,adj_neutral,0.0,0.009706,0.009706
36,topic,NN,noun,noun — singular,noun,0.0,0.009875,0.009875
36,prove,VB,verb,verb — base form,verb,0.0,0.010972,0.010972
36,recommendation,NN,noun,noun — singular,noun,0.0,0.016143,0.016143
36,enough,RB,adverb,adverb — base,adverb,0.0,0.009313,0.009313
37,(,(,other,other ((),other,0.0,0.000653,0.000653
37,w ),NN,noun,noun — singular,noun,0.0,0.001604,-0.001604
37,hile,NN,noun,noun — singular,noun,0.0,0.000691,0.000691
37,long,RB,adverb,adverb — base,adverb,0.0,0.001872,0.001872
37,on,IN,stopword,preposition/subord. conj,function_word,0.0,0.0017,-0.0017
37,amiable,JJ,adjective,adj — base form,adj_neutral,0.0,0.006333,0.006333
37,monkeys,NNS,noun,noun — plural,noun,0.0,0.000228,-0.000228
37,and,CC,stopword,coordinating conj,function_word,0.0,0.000567,0.000567
37,worthy,JJ,adjective,adj — base form,adj_positive,0.4404,0.007564,0.007564
37,"environmentalism ,",NN,noun,noun — singular,noun,0.0,0.007585,0.007585
37,jane,NN,noun,noun — singular,noun,0.0,0.003444,0.003444
37,goodall ',NN,noun,noun — singular,noun,0.0,0.009724,0.009724
37,s,NN,noun,noun — singular,noun,0.0,0.008058,0.008058
37,wild,JJ,adjective,adj — base form,adj_neutral,0.0,0.006442,0.006442
37,chimpanzees,NNS,noun,noun — plural,noun,0.0,0.000985,-0.000985
37,is,VBZ,verb,verb — 3rd person present,verb,0.0,0.01905,-0.01905
37,short,JJ,adjective,adj — base form,adj_neutral,0.0,0.819275,-0.819275
37,on,IN,stopword,preposition/subord. conj,function_word,0.0,0.051521,0.051521
37,the,DT,stopword,determiner,function_word,0.0,0.091387,0.091387
37,thrills,NNS,noun,noun — plural,noun,0.3612,0.106917,0.106917
37,the,DT,stopword,determiner,function_word,0.0,0.097322,-0.097322
37,oversize,JJ,adjective,adj — base form,adj_neutral,0.0,0.102723,-0.102723
37,medium,NN,noun,noun — singular,noun,0.0,0.097536,-0.097536
37,demands,NNS,noun,noun — plural,noun,0.0,0.097835,-0.097835
38,as,IN,stopword,preposition/subord. conj,function_word,0.0,0.002132,0.002132
38,surreal,NN,noun,noun — singular,noun,0.0,0.002314,0.002314
38,as,IN,stopword,preposition/subord. conj,function_word,0.0,0.002003,0.002003
38,a,DT,stopword,determiner,function_word,0.0,0.002265,0.002265
38,dream,NN,noun,noun — singular,noun,0.25,0.002187,0.002187
38,and,CC,stopword,coordinating conj,function_word,0.0,0.00393,0.00393
38,as,IN,stopword,preposition/subord. conj,function_word,0.0,0.003823,0.003823
38,detailed,VBN,verb,verb — past participle,verb,0.0,0.00433,0.00433
38,as,IN,stopword,preposition/subord. conj,function_word,0.0,0.003725,0.003725
38,a,DT,stopword,determiner,function_word,0.0,0.003808,0.003808
38,"photograph ,",NN,noun,noun — singular,noun,0.0,0.004125,0.004125
38,as,IN,stopword,preposition/subord. conj,function_word,0.0,0.003662,0.003662
38,visually,RB,adverb,adverb — base,adverb,0.0,0.004031,0.004031
38,dexterous,JJ,adjective,adj — base form,adj_neutral,0.0,0.004245,0.004245
38,as,IN,stopword,preposition/subord. conj,function_word,0.0,0.002024,0.002024
38,it,PRP,stopword,pronoun — personal,function_word,0.0,0.002092,0.002092
38,is,VBZ,verb,verb — 3rd person present,verb,0.0,0.000798,0.000798
38,at,IN,stopword,preposition/subord. conj,function_word,0.0,0.000826,0.000826
38,times,NNS,noun,noun — plural,noun,0.0,0.00071,0.00071
38,imaginatively,RB,adverb,adverb — base,adverb,0.0,0.002114,0.002114
38,overwhelming,VBG,verb,verb — gerund/present part,verb,0.0,0.000785,0.000785
39,escaping,VBG,verb,verb — gerund/present part,verb,0.0516,0.005752,-0.005752
39,the,DT,stopword,determiner,function_word,0.0,0.005733,-0.005733
39,"studio ,",NN,noun,noun — singular,noun,0.0,0.005752,-0.005752
39,piccoli,NN,noun,noun — singular,noun,0.0,0.005811,-0.005811
39,is,VBZ,verb,verb — 3rd person present,verb,0.0,0.01612,0.01612
39,warmly,JJ,adjective,adj — base form,adj_positive,0.4019,0.016734,0.016734
39,affecting,VBG,verb,verb — gerund/present part,verb,0.0,0.015752,0.015752
39,and,CC,stopword,coordinating conj,function_word,0.0,0.012248,0.012248
39,so,RB,adverb,adverb — base,adverb,0.0,0.003072,0.003072
39,is,VBZ,verb,verb — 3rd person present,verb,0.0,0.002949,0.002949
39,this,DT,stopword,determiner,function_word,0.0,0.003021,0.003021
39,adroitly,RB,adverb,adverb — base,adverb,0.0,0.003197,0.003197
39,minimalist,JJ,adjective,adj — base form,adj_neutral,0.0,0.002952,0.002952
39,movie,NN,noun,noun — singular,noun,0.0,0.003181,0.003181
40,there ',NN,noun,noun — singular,noun,0.0,0.003545,0.003545
40,s ...,NN,noun,noun — singular,noun,0.0,0.003557,0.003557
40,tremendous,JJ,adjective,adj — base form,adj_neutral,0.0,0.003616,0.003616
40,energy,NN,noun,noun — singular,noun,0.2732,0.003586,0.003586
40,from,IN,stopword,preposition/subord. conj,function_word,0.0,0.003543,0.003543
40,the,DT,stopword,determiner,function_word,0.0,0.003554,0.003554
40,"cast ,",NN,noun,noun — singular,noun,0.0,0.003556,0.003556
40,a,DT,stopword,determiner,function_word,0.0,0.003546,0.003546
40,sense,NN,noun,noun — singular,noun,0.0,0.003496,0.003496
40,of,IN,stopword,preposition/subord. conj,function_word,0.0,0.003495,0.003495
40,playfulness,NN,noun,noun — singular,noun,0.296,0.003518,0.003518
40,and,CC,stopword,coordinating conj,function_word,0.0,0.003489,0.003489
40,excitement,NN,noun,noun — singular,noun,0.4939,0.003492,0.003492
40,that,WDT,stopword,wh-determiner,other,0.0,0.003491,0.003491
40,seems,VBZ,verb,verb — 3rd person present,verb,0.0,0.003477,0.003477
40,appropriate,JJ,adjective,adj — base form,adj_neutral,0.0,0.003486,0.003486
41,this,DT,stopword,determiner,function_word,0.0,0.003285,0.003285
41,illuminating,JJ,adjective,adj — base form,adj_neutral,0.0,0.003667,0.003667
41,documentary,JJ,adjective,adj — base form,adj_neutral,0.0,0.003238,0.003238
41,transcends,NNS,noun,noun — plural,noun,0.0,0.00305,0.00305
41,our,PRP$,stopword,pronoun — possessive,function_word,0.0,0.002978,0.002978
41,preconceived,JJ,adjective,adj — base form,adj_neutral,0.0,0.0029,0.0029
41,vision,NN,noun,noun — singular,noun,0.25,0.002981,0.002981
41,of,IN,stopword,preposition/subord. conj,function_word,0.0,0.002934,0.002934
41,the,DT,stopword,determiner,function_word,0.0,0.002885,0.002885
41,holy,JJ,adjective,adj — base form,adj_neutral,0.0,0.002834,0.002834
41,land,NN,noun,noun — singular,noun,0.0,0.002915,0.002915
41,and,CC,stopword,coordinating conj,function_word,0.0,0.00289,0.00289
41,its,PRP$,stopword,pronoun — possessive,function_word,0.0,0.00281,0.00281
41,"inhabitants ,",NN,noun,noun — singular,noun,0.0,0.002772,0.002772
41,revealing,VBG,verb,verb — gerund/present part,verb,0.0,0.002847,0.002847
41,the,DT,stopword,determiner,function_word,0.0,0.002802,0.002802
41,human,JJ,adjective,adj — base form,adj_neutral,0.0,0.002798,0.002798
41,complexities,NNS,noun,noun — plural,noun,0.0,0.002775,0.002775
41,beneath,NN,noun,noun — singular,noun,0.0,0.002761,0.002761
42,the,DT,stopword,determiner,function_word,0.0,0.003147,0.003147
42,subtle,JJ,adjective,adj — base form,adj_neutral,0.0,0.003149,0.003149
42,strength,NN,noun,noun — singular,noun,0.4939,0.003872,0.003872
42,of ``,NN,noun,noun — singular,noun,0.0,0.003153,0.003153
42,elling '',NN,noun,noun — singular,noun,0.0,0.003021,0.003021
42,is,VBZ,verb,verb — 3rd person present,verb,0.0,0.00292,0.00292
42,that,IN,stopword,preposition/subord. conj,function_word,0.0,0.002866,0.002866
42,it,PRP,stopword,pronoun — personal,function_word,0.0,0.002887,0.002887
42,never,RB,adverb,adverb — base,negation,0.0,0.009728,0.009728
42,loses,VBZ,verb,verb — 3rd person present,verb,-0.3182,0.004771,0.004771
42,touch,JJ,adjective,adj — base form,adj_neutral,0.0,0.006829,0.006829
42,with,IN,stopword,preposition/subord. conj,function_word,0.0,0.006923,0.006923
42,the,DT,stopword,determiner,function_word,0.0,0.000548,0.000548
42,reality,NN,noun,noun — singular,noun,0.0,0.000436,0.000436
42,of,IN,stopword,preposition/subord. conj,function_word,0.0,0.000476,0.000476
42,the,DT,stopword,determiner,function_word,0.0,0.000468,0.000468
42,grim,JJ,adjective,adj — base form,adj_negative,-0.5719,0.000443,0.000443
42,situation,NN,noun,noun — singular,noun,0.0,0.000497,0.000497
43,holm ...,NN,noun,noun — singular,noun,0.0,0.005844,0.005844
43,embodies,VBZ,verb,verb — 3rd person present,verb,0.0,0.005956,0.005956
43,the,DT,stopword,determiner,function_word,0.0,0.005937,0.005937
43,character,NN,noun,noun — singular,noun,0.0,0.006032,0.006032
43,with,IN,stopword,preposition/subord. conj,function_word,0.0,0.006099,0.006099
43,an,DT,stopword,determiner,function_word,0.0,0.006119,0.006119
43,effortlessly,RB,adverb,adverb — base,adverb,0.0,0.006816,0.006816
43,regal,JJ,adjective,adj — base form,adj_neutral,0.0,0.006658,0.006658
43,charisma,NN,noun,noun — singular,noun,0.0,0.006838,0.006838
44,the,DT,stopword,determiner,function_word,0.0,0.015151,0.015151
44,title,NN,noun,noun — singular,noun,0.0,0.00061,-0.00061
44,not,RB,adverb,adverb — base,negation,0.0,0.012351,-0.012351
44,only,RB,adverb,adverb — base,adverb,0.0,0.006994,-0.006994
44,describes,VBZ,verb,verb — 3rd person present,verb,0.0,0.010795,0.010795
44,its,PRP$,stopword,pronoun — possessive,function_word,0.0,0.007426,0.007426
44,main,JJ,adjective,adj — base form,adj_neutral,0.0,0.008469,0.008469
44,"characters ,",NN,noun,noun — singular,noun,0.0,0.011284,0.011284
44,but,CC,stopword,coordinating conj,function_word,0.0,0.006245,-0.006245
44,the,DT,stopword,determiner,function_word,0.0,0.004824,0.004824
44,lazy,JJ,adjective,adj — base form,adj_negative,-0.3612,0.988477,-0.988477
44,people,NNS,noun,noun — plural,noun,0.0,0.007091,0.007091
44,behind,IN,stopword,preposition/subord. conj,function_word,0.0,0.002451,0.002451
44,the,DT,stopword,determiner,function_word,0.0,0.001001,0.001001
44,camera,NN,noun,noun — singular,noun,0.0,0.001678,0.001678
44,as,RB,adverb,adverb — base,adverb,0.0,0.391499,-0.391499
44,well,RB,adverb,adverb — base,adverb,0.2732,0.401006,0.401006
45,it,PRP,stopword,pronoun — personal,function_word,0.0,0.091487,0.091487
45,offers,VBZ,verb,verb — 3rd person present,verb,0.0,0.498908,-0.498908
45,little,JJ,adjective,adj — base form,adj_neutral,0.0,0.703596,-0.703596
45,beyond,IN,stopword,preposition/subord. conj,function_word,0.0,0.195168,0.195168
45,the,DT,stopword,determiner,function_word,0.0,0.005417,0.005417
45,momentary,JJ,adjective,adj — base form,adj_neutral,0.0,0.008522,0.008522
45,joys,NN,noun,noun — singular,noun,0.4939,0.058288,0.058288
45,of,IN,stopword,preposition/subord. conj,function_word,0.0,0.059633,-0.059633
45,pretty,NN,noun,noun — singular,intensifier,0.4939,0.04552,0.04552
45,and,CC,stopword,coordinating conj,function_word,0.0,0.057819,0.057819
45,weightless,NN,noun,noun — singular,noun,0.0,0.053476,-0.053476
45,intellectual,JJ,adjective,adj — base form,adj_positive,0.5106,0.012201,0.012201
45,entertainment,NN,noun,noun — singular,noun,0.4215,0.050289,0.050289
46,a,DT,stopword,determiner,function_word,0.0,0.203444,-0.203444
46,synthesis,NN,noun,noun — singular,noun,0.0,0.384056,0.384056
46,of,IN,stopword,preposition/subord. conj,function_word,0.0,0.008319,-0.008319
46,cliches,NNS,noun,noun — plural,noun,0.0,0.206766,-0.206766
46,and,CC,stopword,coordinating conj,function_word,0.0,0.032869,0.032869
46,absurdities,NNS,noun,noun — plural,noun,0.0,0.132819,0.132819
46,that,WDT,stopword,wh-determiner,other,0.0,0.191359,-0.191359
46,seems,VBZ,verb,verb — 3rd person present,verb,0.0,0.310505,-0.310505
46,positively,RB,adverb,adverb — base,adverb,0.5267,0.490502,0.490502
46,decadent,JJ,adjective,adj — base form,adj_neutral,0.0,0.553251,0.553251
46,in,IN,stopword,preposition/subord. conj,function_word,0.0,0.08113,-0.08113
46,its,PRP$,stopword,pronoun — possessive,function_word,0.0,0.158569,-0.158569
46,cinematic,JJ,adjective,adj — base form,adj_neutral,0.0,0.003231,0.003231
46,flash,NN,noun,noun — singular,noun,0.0,0.295421,-0.295421
46,and,CC,stopword,coordinating conj,function_word,0.0,0.218149,-0.218149
46,emptiness,NN,noun,noun — singular,noun,-0.4404,0.325444,-0.325444
47,a,DT,stopword,determiner,function_word,0.0,0.005543,0.005543
47,subtle,JJ,adjective,adj — base form,adj_neutral,0.0,0.005507,0.005507
47,and,CC,stopword,coordinating conj,function_word,0.0,0.005565,0.005565
47,well-,NN,noun,noun — singular,noun,0.2732,0.006814,0.006814
47,crafted (,NN,noun,noun — singular,noun,0.0,0.006793,0.006793
47,for,IN,stopword,preposition/subord. conj,function_word,0.0,0.005038,0.005038
47,the,DT,stopword,determiner,function_word,0.0,0.005053,0.005053
47,most,JJS,adjective,adj — superlative,adj_neutral,0.0,0.005285,0.005285
47,part ),NN,noun,noun — singular,noun,0.0,0.005354,0.005354
47,chiller,NN,noun,noun — singular,noun,0.0,0.005365,0.005365
48,has,VBZ,verb,verb — 3rd person present,verb,0.0,0.005019,0.005019
48,a,DT,stopword,determiner,function_word,0.0,0.004932,0.004932
48,lot,NN,noun,noun — singular,noun,0.0,0.004992,0.004992
48,of,IN,stopword,preposition/subord. conj,function_word,0.0,0.004928,0.004928
48,the,DT,stopword,determiner,function_word,0.0,0.005196,0.005196
48,virtues,NNS,noun,noun — plural,noun,0.3612,0.005456,0.005456
48,of,IN,stopword,preposition/subord. conj,function_word,0.0,0.005193,0.005193
48,eastwood,NN,noun,noun — singular,noun,0.0,0.005269,0.005269
48,at,IN,stopword,preposition/subord. conj,function_word,0.0,0.005127,0.005127
48,his,PRP$,stopword,pronoun — possessive,function_word,0.0,0.005112,0.005112
48,best,JJS,adjective,adj — superlative,adj_positive,0.6369,0.005167,0.005167
49,it ',NN,noun,noun — singular,noun,0.0,0.047194,-0.047194
49,s,NN,noun,noun — singular,noun,0.0,0.047145,-0.047145
49,hampered,VBN,verb,verb — past participle,verb,0.0,0.04771,-0.04771
49,by,IN,stopword,preposition/subord. conj,function_word,0.0,0.047499,-0.047499
49,a,DT,stopword,determiner,function_word,0.0,0.047026,-0.047026
49,lifetime-,NN,noun,noun — singular,noun,0.0,0.046932,-0.046932
49,channel,NN,noun,noun — singular,noun,0.0,0.04706,-0.04706
49,kind,NN,noun,noun — singular,noun,0.5267,0.04696,-0.04696
49,of,IN,stopword,preposition/subord. conj,function_word,0.0,0.047094,-0.047094
49,plot,NN,noun,noun — singular,noun,0.0,0.047061,-0.047061
49,and,CC,stopword,coordinating conj,function_word,0.0,0.047026,-0.047026
49,a,DT,stopword,determiner,function_word,0.0,0.047066,-0.047066
49,lead,JJ,adjective,adj — base form,adj_neutral,0.0,0.04702,-0.04702
49,actress,NN,noun,noun — singular,noun,0.0,0.047097,-0.047097
49,who,WP,stopword,wh-pronoun,other,0.0,0.047009,-0.047009
49,is,VBZ,verb,verb — 3rd person present,verb,0.0,0.046947,-0.046947
49,out,IN,stopword,preposition/subord. conj,function_word,0.0,0.047901,-0.047901
49,of,IN,stopword,preposition/subord. conj,function_word,0.0,0.04705,-0.04705
49,her,PRP$,stopword,pronoun — possessive,function_word,0.0,0.046603,-0.046603
49,depth,NN,noun,noun — singular,noun,0.0,0.047079,-0.047079
